name;email;password
test;test1@test.com;UmbuUoE+WyhNSTA+N9qxCA==
test;test2@test.com;UmbuUoE+WyhNSTA+N9qxCA==
test;test3@test.com;UmbuUoE+WyhNSTA+N9qxCA==
test;test4@test.com;UmbuUoE+WyhNSTA+N9qxCA==
test;test5@test.com;UmbuUoE+WyhNSTA+N9qxCA==
test;test6@test.com;UmbuUoE+WyhNSTA+N9qxCA==
test;test7@test.com;UmbuUoE+WyhNSTA+N9qxCA==
test;test8@test.com;UmbuUoE+WyhNSTA+N9qxCA==
test;test9@test.com;UmbuUoE+WyhNSTA+N9qxCA==
test;test10@test.com;UmbuUoE+WyhNSTA+N9qxCA==
test;test11@test.com;UmbuUoE+WyhNSTA+N9qxCA==
test;test12@test.com;UmbuUoE+WyhNSTA+N9qxCA==
test;test13@test.com;UmbuUoE+WyhNSTA+N9qxCA==
test;test14@test.com;UmbuUoE+WyhNSTA+N9qxCA==
test;test15@test.com;UmbuUoE+WyhNSTA+N9qxCA==
test;test16@test.com;UmbuUoE+WyhNSTA+N9qxCA==
test;test17@test.com;UmbuUoE+WyhNSTA+N9qxCA==
test;test18@test.com;UmbuUoE+WyhNSTA+N9qxCA==
test;test19@test.com;UmbuUoE+WyhNSTA+N9qxCA==
test;test20@test.com;UmbuUoE+WyhNSTA+N9qxCA==
test;test21@test.com;UmbuUoE+WyhNSTA+N9qxCA==
test;test22@test.com;UmbuUoE+WyhNSTA+N9qxCA==
test;test23@test.com;UmbuUoE+WyhNSTA+N9qxCA==
test;test24@test.com;UmbuUoE+WyhNSTA+N9qxCA==
test;test25@test.com;UmbuUoE+WyhNSTA+N9qxCA==
test;test26@test.com;UmbuUoE+WyhNSTA+N9qxCA==
test;test27@test.com;UmbuUoE+WyhNSTA+N9qxCA==
test;test28@test.com;UmbuUoE+WyhNSTA+N9qxCA==
test;test29@test.com;UmbuUoE+WyhNSTA+N9qxCA==
test;test30@test.com;UmbuUoE+WyhNSTA+N9qxCA==
test;test31@test.com;UmbuUoE+WyhNSTA+N9qxCA==
test;test32@test.com;UmbuUoE+WyhNSTA+N9qxCA==
test;test33@test.com;UmbuUoE+WyhNSTA+N9qxCA==
test;test34@test.com;UmbuUoE+WyhNSTA+N9qxCA==
test;test35@test.com;UmbuUoE+WyhNSTA+N9qxCA==
test;test36@test.com;UmbuUoE+WyhNSTA+N9qxCA==
test;test37@test.com;UmbuUoE+WyhNSTA+N9qxCA==
test;test38@test.com;UmbuUoE+WyhNSTA+N9qxCA==
test;test39@test.com;UmbuUoE+WyhNSTA+N9qxCA==
test;test40@test.com;UmbuUoE+WyhNSTA+N9qxCA==
test;test41@test.com;UmbuUoE+WyhNSTA+N9qxCA==
test;test42@test.com;UmbuUoE+WyhNSTA+N9qxCA==
test;test43@test.com;UmbuUoE+WyhNSTA+N9qxCA==
test;test44@test.com;UmbuUoE+WyhNSTA+N9qxCA==
test;test45@test.com;UmbuUoE+WyhNSTA+N9qxCA==
test;test46@test.com;UmbuUoE+WyhNSTA+N9qxCA==
test;test47@test.com;UmbuUoE+WyhNSTA+N9qxCA==
test;test48@test.com;UmbuUoE+WyhNSTA+N9qxCA==
test;test49@test.com;UmbuUoE+WyhNSTA+N9qxCA==
test;test50@test.com;UmbuUoE+WyhNSTA+N9qxCA==
test;test51@test.com;UmbuUoE+WyhNSTA+N9qxCA==
test;test52@test.com;UmbuUoE+WyhNSTA+N9qxCA==
test;test53@test.com;UmbuUoE+WyhNSTA+N9qxCA==
test;test54@test.com;UmbuUoE+WyhNSTA+N9qxCA==
test;test55@test.com;UmbuUoE+WyhNSTA+N9qxCA==
test;test56@test.com;UmbuUoE+WyhNSTA+N9qxCA==
test;test57@test.com;UmbuUoE+WyhNSTA+N9qxCA==
test;test58@test.com;UmbuUoE+WyhNSTA+N9qxCA==
test;test59@test.com;UmbuUoE+WyhNSTA+N9qxCA==
test;test60@test.com;UmbuUoE+WyhNSTA+N9qxCA==
test;test61@test.com;UmbuUoE+WyhNSTA+N9qxCA==
test;test62@test.com;UmbuUoE+WyhNSTA+N9qxCA==
test;test63@test.com;UmbuUoE+WyhNSTA+N9qxCA==
test;test64@test.com;UmbuUoE+WyhNSTA+N9qxCA==
test;test65@test.com;UmbuUoE+WyhNSTA+N9qxCA==
test;test66@test.com;UmbuUoE+WyhNSTA+N9qxCA==
test;test67@test.com;UmbuUoE+WyhNSTA+N9qxCA==
test;test68@test.com;UmbuUoE+WyhNSTA+N9qxCA==
test;test69@test.com;UmbuUoE+WyhNSTA+N9qxCA==
test;test70@test.com;UmbuUoE+WyhNSTA+N9qxCA==
test;test71@test.com;UmbuUoE+WyhNSTA+N9qxCA==
test;test72@test.com;UmbuUoE+WyhNSTA+N9qxCA==
test;test73@test.com;UmbuUoE+WyhNSTA+N9qxCA==
test;test74@test.com;UmbuUoE+WyhNSTA+N9qxCA==
test;test75@test.com;UmbuUoE+WyhNSTA+N9qxCA==
test;test76@test.com;UmbuUoE+WyhNSTA+N9qxCA==
test;test77@test.com;UmbuUoE+WyhNSTA+N9qxCA==
test;test78@test.com;UmbuUoE+WyhNSTA+N9qxCA==
test;test79@test.com;UmbuUoE+WyhNSTA+N9qxCA==
test;test80@test.com;UmbuUoE+WyhNSTA+N9qxCA==
test;test81@test.com;UmbuUoE+WyhNSTA+N9qxCA==
test;test82@test.com;UmbuUoE+WyhNSTA+N9qxCA==
test;test83@test.com;UmbuUoE+WyhNSTA+N9qxCA==
test;test84@test.com;UmbuUoE+WyhNSTA+N9qxCA==
test;test85@test.com;UmbuUoE+WyhNSTA+N9qxCA==
test;test86@test.com;UmbuUoE+WyhNSTA+N9qxCA==
test;test87@test.com;UmbuUoE+WyhNSTA+N9qxCA==
test;test88@test.com;UmbuUoE+WyhNSTA+N9qxCA==
test;test89@test.com;UmbuUoE+WyhNSTA+N9qxCA==
test;test90@test.com;UmbuUoE+WyhNSTA+N9qxCA==
